{
  "generated_at": "2026-06-18T09:11:39.768273Z",
  "input_count": 26,
  "selected_count": 7,
  "archived_count": 19,
  "mandatory_count": 0,
  "limit": -1,
  "minimum_score": 35,
  "estimated_ai_calls_saved": 38,
  "selected_ids": [
    "2512.16916",
    "2512.16290",
    "2512.15991",
    "2512.16728",
    "2512.16208",
    "2512.16365",
    "2512.15833"
  ]
}