{
  "generated_at": "2026-06-18T09:06:45.542325Z",
  "input_count": 29,
  "selected_count": 15,
  "archived_count": 14,
  "mandatory_count": 1,
  "limit": -1,
  "minimum_score": 35,
  "estimated_ai_calls_saved": 28,
  "selected_ids": [
    "2512.13896",
    "2512.13957",
    "2512.13932",
    "2512.14486",
    "2512.14636",
    "2512.14372",
    "2512.14441",
    "2512.13943",
    "2512.14672",
    "2512.14281",
    "2512.13895",
    "2512.13818",
    "2512.14646",
    "2512.14458",
    "2512.13954"
  ]
}