{
  "generated_at": "2026-06-23T09:22:14.210790Z",
  "input_count": 18,
  "selected_count": 4,
  "archived_count": 14,
  "mandatory_count": 0,
  "limit": -1,
  "minimum_score": 35,
  "estimated_ai_calls_saved": 28,
  "selected_ids": [
    "2605.22225",
    "2605.22630",
    "2605.21589",
    "2605.22541"
  ]
}