{
  "generated_at": "2026-06-23T04:51:38.274215Z",
  "input_count": 19,
  "selected_count": 6,
  "archived_count": 13,
  "mandatory_count": 0,
  "limit": -1,
  "minimum_score": 35,
  "estimated_ai_calls_saved": 26,
  "selected_ids": [
    "2604.12189",
    "2604.11908",
    "2604.11892",
    "2604.11879",
    "2604.11873",
    "2604.13031"
  ]
}