{
  "generated_at": "2026-07-01T04:55:26.771782Z",
  "input_count": 76,
  "selected_count": 21,
  "archived_count": 55,
  "mandatory_count": 0,
  "limit": 24,
  "minimum_score": 35,
  "estimated_ai_calls_saved": 165,
  "selected_ids": [
    "2606.31583",
    "2606.30742",
    "2606.31515",
    "2606.31611",
    "2606.30711",
    "2606.30711",
    "2606.31773",
    "2606.31546",
    "2606.31673",
    "2606.31507",
    "2606.31312",
    "2606.30739",
    "2606.30739",
    "2606.31978",
    "2606.31847",
    "2606.31638",
    "2606.30734",
    "2606.30734",
    "2606.31218",
    "2606.30833",
    "2606.31988"
  ]
}