{
  "generated_at": "2026-06-18T09:21:11.868372Z",
  "input_count": 20,
  "selected_count": 6,
  "archived_count": 14,
  "mandatory_count": 0,
  "limit": -1,
  "minimum_score": 35,
  "estimated_ai_calls_saved": 28,
  "selected_ids": [
    "2601.07909",
    "2601.08633",
    "2601.08693",
    "2601.08212",
    "2601.08063",
    "2601.08757"
  ]
}