{
  "generated_at": "2026-06-23T09:23:28.795192Z",
  "input_count": 15,
  "selected_count": 6,
  "archived_count": 9,
  "mandatory_count": 0,
  "limit": -1,
  "minimum_score": 35,
  "estimated_ai_calls_saved": 18,
  "selected_ids": [
    "2605.23269",
    "2605.23399",
    "2605.23457",
    "2605.23686",
    "2605.22914",
    "2605.23841"
  ]
}