{
  "generated_at": "2026-06-25T09:12:43.070888Z",
  "input_count": 71,
  "selected_count": 11,
  "archived_count": 60,
  "mandatory_count": 0,
  "limit": 24,
  "minimum_score": 35,
  "estimated_ai_calls_saved": 180,
  "selected_ids": [
    "2606.25205",
    "2606.24278",
    "2606.24706",
    "2606.25028",
    "2606.24843",
    "2606.24463",
    "2606.25126",
    "2606.25105",
    "2606.24735",
    "2606.25163",
    "2606.24142"
  ]
}