{
  "generated_at": "2026-07-02T04:21:42.732338Z",
  "input_count": 46,
  "selected_count": 11,
  "archived_count": 35,
  "mandatory_count": 1,
  "limit": 24,
  "minimum_score": 35,
  "estimated_ai_calls_saved": 105,
  "selected_ids": [
    "2607.01005",
    "2607.01175",
    "2607.01175",
    "2607.01129",
    "2607.00167",
    "2607.00347",
    "2607.00785",
    "2607.00093",
    "2607.00165",
    "2607.01155",
    "2607.00117"
  ]
}