{
  "generated_at": "2026-06-23T09:34:40.882100Z",
  "input_count": 9,
  "selected_count": 5,
  "archived_count": 4,
  "mandatory_count": 0,
  "limit": -1,
  "minimum_score": 35,
  "estimated_ai_calls_saved": 8,
  "selected_ids": [
    "2606.06005",
    "2606.05323",
    "2606.05281",
    "2606.05301",
    "2606.05284"
  ]
}