{
  "generated_at": "2026-06-23T08:33:57.080457Z",
  "input_count": 10,
  "selected_count": 6,
  "archived_count": 4,
  "mandatory_count": 0,
  "limit": -1,
  "minimum_score": 35,
  "estimated_ai_calls_saved": 8,
  "selected_ids": [
    "2605.08080",
    "2605.06893",
    "2605.06782",
    "2605.07995",
    "2605.07159",
    "2605.06791"
  ]
}