{
  "generated_at": "2026-07-07T04:19:33.355264Z",
  "input_count": 88,
  "selected_count": 18,
  "archived_count": 70,
  "mandatory_count": 3,
  "limit": 24,
  "minimum_score": 35,
  "estimated_ai_calls_saved": 210,
  "selected_ids": [
    "2607.02663",
    "2607.02663",
    "2607.03345",
    "2607.04460",
    "2607.04959",
    "2607.04959",
    "2607.03271",
    "2607.03271",
    "2607.04822",
    "2607.03913",
    "2607.05156",
    "2607.04797",
    "2607.03816",
    "2607.03543",
    "2607.03430",
    "2607.03430",
    "2607.03312",
    "2607.03291"
  ]
}