{
  "generated_at": "2026-07-14T03:32:09.017999Z",
  "input_count": 51,
  "selected_count": 12,
  "archived_count": 39,
  "mandatory_count": 0,
  "limit": 24,
  "minimum_score": 35,
  "estimated_ai_calls_saved": 117,
  "selected_ids": [
    "2607.11559",
    "2607.11559",
    "2607.11049",
    "2607.11675",
    "2607.11448",
    "2607.10029",
    "2607.11876",
    "2607.11114",
    "2607.11682",
    "2607.11842",
    "2607.10587",
    "2607.09943"
  ]
}