{
  "generated_at": "2026-06-30T04:25:11.671726Z",
  "input_count": 54,
  "selected_count": 12,
  "archived_count": 42,
  "mandatory_count": 2,
  "limit": 24,
  "minimum_score": 35,
  "estimated_ai_calls_saved": 126,
  "selected_ids": [
    "2606.30633",
    "2606.30633",
    "2606.30025",
    "2606.28927",
    "2606.30089",
    "2606.29670",
    "2606.28765",
    "2606.29608",
    "2606.30624",
    "2606.28590",
    "2606.28489",
    "2606.28489"
  ]
}