{
  "generated_at": "2026-06-18T08:18:16.938977Z",
  "input_count": 33,
  "selected_count": 4,
  "archived_count": 29,
  "mandatory_count": 0,
  "limit": 24,
  "minimum_score": 35,
  "estimated_ai_calls_saved": 87,
  "selected_ids": [
    "2606.19282",
    "2606.19193",
    "2606.18334",
    "2606.18352"
  ]
}