{
  "generated_at": "2026-06-25T08:32:10.654886Z",
  "input_count": 42,
  "selected_count": 13,
  "archived_count": 29,
  "mandatory_count": 0,
  "limit": 24,
  "minimum_score": 35,
  "estimated_ai_calls_saved": 87,
  "selected_ids": [
    "2606.25205",
    "2606.25856",
    "2606.25367",
    "2606.25359",
    "2606.25028",
    "2606.26044",
    "2606.25105",
    "2606.25830",
    "2606.25995",
    "2606.25689",
    "2606.25126",
    "2606.25163",
    "2606.25883"
  ]
}