{
  "generated_at": "2026-06-19T05:37:05.570606Z",
  "input_count": 17,
  "selected_count": 6,
  "archived_count": 11,
  "mandatory_count": 0,
  "limit": -1,
  "minimum_score": 35,
  "estimated_ai_calls_saved": 22,
  "selected_ids": [
    "2601.22245",
    "2601.22972",
    "2601.22844",
    "2601.22207",
    "2601.22214",
    "2601.22217"
  ]
}