{
  "generated_at": "2026-06-24T04:37:06.165255Z",
  "input_count": 57,
  "selected_count": 14,
  "archived_count": 43,
  "mandatory_count": 1,
  "limit": 24,
  "minimum_score": 35,
  "estimated_ai_calls_saved": 129,
  "selected_ids": [
    "2606.23869",
    "2606.23808",
    "2606.23808",
    "2606.24278",
    "2606.24706",
    "2606.24735",
    "2606.23778",
    "2606.24843",
    "2606.24843",
    "2606.24463",
    "2606.24142",
    "2606.24142",
    "2606.23793",
    "2606.23781"
  ]
}