{
  "generated_at": "2026-06-22T05:50:06.171465Z",
  "input_count": 17,
  "selected_count": 5,
  "archived_count": 12,
  "mandatory_count": 0,
  "limit": -1,
  "minimum_score": 35,
  "estimated_ai_calls_saved": 24,
  "selected_ids": [
    "2603.15769",
    "2603.15761",
    "2603.15738",
    "2603.15736",
    "2603.15860"
  ]
}